МАРШРУТ;НАПРАВЛЕНИЕ;ОТПРАВЛЕНИЕ;КОЛИЧЕСТВО ОСТАНОВОК;ПРИБЫТИЕ НА КОНЕЧНУЮ;ОТПРАВЛЕНИЕ С КОНЕЧНОЙ;РАССТОЯНИЕ;СКОРОСТЬ;НЕОБХОДИМАЯ СКОРОСТЬ
М 115 Нефтекамск - Красный Холм;>;16:00:00.0000000;13;17:35:25.8766667;17:35:00.0000000;60,51;43;43,22143
М 201 Стерлитамак - Кабакуш;>;07:25:00.0000000;15;08:56:38.7500000;08:55:00.0000000;68,685;52,4;53,52079
М 201 Стерлитамак - Кабакуш;>;14:15:00.0000000;15;15:46:38.7500000;15:45:00.0000000;68,685;52,4;53,52079
М 201 Стерлитамак - Кабакуш;>;18:30:00.0000000;15;20:01:38.7500000;20:00:00.0000000;68,685;52,4;53,52079
М 250 Стерлитамак АВ - Красноармейский;>;06:00:00.0000000;10;07:26:16.7933333;07:25:00.0000000;64,712;49,6;50,42495
М 584 Уфа (Южный АВ) - Янаул ч/з западную развилку;<;06:30:00.0000000;8;10:57:34.9033333;10:55:00.0000000;211,01;48,4;48,88263
М 594 Уфа (Южный АВ) - Бураево ч/з зап. развилку;>;09:00:00.0000000;12;12:01:23.7200000;12:00:00.0000000;156,256;54,7;55,14918
М 594 Уфа (Южный АВ) - Бураево ч/з зап. развилку;>;12:00:00.0000000;12;15:01:23.7200000;15:00:00.0000000;156,256;54,7;55,14918
М 671 Нефтекамск - Бирск;<;14:40:00.0000000;7;18:13:00.3533333;18:10:00.0000000;155,658;44,9;45,55845
М 924 Аскарово - Белорецк;>;16:30:00.0000000;17;19:32:25.2800000;19:30:00.0000000;127,799;45,8;46,47237
П 101 И Салават - Ишимбай;<;06:00:00.0000000;11;06:30:07.3666667;06:30:00.0000000;15,138;43;43,25143
П 101 И Салават - Ишимбай;<;06:30:00.0000000;11;07:00:07.3666667;07:00:00.0000000;15,138;43;43,25143
П 101 И Салават - Ишимбай;<;10:00:00.0000000;11;10:30:07.3666667;10:30:00.0000000;15,138;43;43,25143
П 101 И Салават - Ишимбай;<;10:30:00.0000000;11;11:00:07.3666667;11:00:00.0000000;15,138;43;43,25143
П 101 И Салават - Ишимбай;<;11:00:00.0000000;11;11:30:07.3666667;11:30:00.0000000;15,138;43;43,25143
П 101 И Салават - Ишимбай;<;11:30:00.0000000;11;12:00:07.3666667;12:00:00.0000000;15,138;43;43,25143
П 101 И Салават - Ишимбай;<;12:00:00.0000000;11;12:30:07.3666667;12:30:00.0000000;15,138;43;43,25143
П 101 И Салават - Ишимбай;<;12:30:00.0000000;11;13:00:07.3666667;13:00:00.0000000;15,138;43;43,25143
П 101 И Салават - Ишимбай;<;13:00:00.0000000;11;13:30:07.3666667;13:30:00.0000000;15,138;43;43,25143
П 101 И Салават - Ишимбай;<;13:30:00.0000000;11;14:00:07.3666667;14:00:00.0000000;15,138;43;43,25143
П 101 И Салават - Ишимбай;<;14:00:00.0000000;11;14:30:07.3666667;14:30:00.0000000;15,138;43;43,25143
П 101 И Салават - Ишимбай;<;14:30:00.0000000;11;15:00:07.3666667;15:00:00.0000000;15,138;43;43,25143
П 101 И Салават - Ишимбай;<;15:00:00.0000000;11;15:30:07.3666667;15:30:00.0000000;15,138;43;43,25143
П 101 И Салават - Ишимбай;<;15:30:00.0000000;11;16:00:07.3666667;16:00:00.0000000;15,138;43;43,25143
П 101 И Салават - Ишимбай;<;16:00:00.0000000;11;16:30:07.3666667;16:30:00.0000000;15,138;43;43,25143
П 101 И Салават - Ишимбай;<;19:30:00.0000000;11;20:00:07.3666667;20:00:00.0000000;15,138;43;43,25143
П 101 Нефтекамск - Николо-Березовка;<;09:16:00.0000000;2;09:27:15.5433333;09:26:00.0000000;8,069;43;48,4142
П 101 Нефтекамск - Николо-Березовка;<;09:42:00.0000000;2;09:53:15.5433333;09:49:00.0000000;8,069;43;69,16325
П 101 Нефтекамск - Николо-Березовка;<;11:00:00.0000000;2;11:11:15.5433333;11:10:00.0000000;8,069;43;48,4142
П 101 Нефтекамск - Николо-Березовка;<;11:15:00.0000000;2;11:26:15.5433333;11:24:00.0000000;8,069;43;53,79333
П 101 Нефтекамск - Николо-Березовка;<;11:48:00.0000000;2;11:59:15.5433333;11:56:00.0000000;8,069;43;60,51765
П 101 Нефтекамск - Николо-Березовка;<;12:04:00.0000000;2;12:15:15.5433333;12:13:00.0000000;8,069;43;53,79333
П 101 Нефтекамск - Николо-Березовка;<;12:21:00.0000000;2;12:32:15.5433333;12:29:00.0000000;8,069;43;60,51765
П 101 Нефтекамск - Николо-Березовка;<;12:38:00.0000000;2;12:49:15.5433333;12:46:00.0000000;8,069;43;60,51765
П 101 Нефтекамск - Николо-Березовка;<;12:54:00.0000000;2;13:05:15.5433333;13:03:00.0000000;8,069;43;53,79333
П 101 Нефтекамск - Николо-Березовка;<;13:11:00.0000000;2;13:22:15.5433333;13:19:00.0000000;8,069;43;60,51765
П 101 Нефтекамск - Николо-Березовка;<;13:28:00.0000000;2;13:39:15.5433333;13:36:00.0000000;8,069;43;60,51765
П 101 Нефтекамск - Николо-Березовка;<;13:43:00.0000000;2;13:54:15.5433333;13:53:00.0000000;8,069;43;48,4142
П 101 Нефтекамск - Николо-Березовка;<;14:01:00.0000000;2;14:12:15.5433333;14:09:00.0000000;8,069;43;60,51765
П 101 Нефтекамск - Николо-Березовка;<;14:18:00.0000000;2;14:29:15.5433333;14:26:00.0000000;8,069;43;60,51765
П 101 Нефтекамск - Николо-Березовка;<;14:34:00.0000000;2;14:45:15.5433333;14:43:00.0000000;8,069;43;53,79333
П 101 Нефтекамск - Николо-Березовка;<;14:51:00.0000000;2;15:02:15.5433333;14:59:00.0000000;8,069;43;60,51765
П 101 Нефтекамск - Николо-Березовка;<;15:08:00.0000000;2;15:19:15.5433333;15:16:00.0000000;8,069;43;60,51765
П 101 Нефтекамск - Николо-Березовка;<;16:49:00.0000000;2;17:00:15.5433333;16:56:00.0000000;8,069;43;69,16325
П 101 Нефтекамск - Николо-Березовка;<;17:02:00.0000000;2;17:13:15.5433333;17:13:00.0000000;8,069;43;44,01281
П 101 Нефтекамск - Николо-Березовка;<;17:21:00.0000000;2;17:32:15.5433333;17:29:00.0000000;8,069;43;60,51765
П 101 Нефтекамск - Николо-Березовка;<;17:38:00.0000000;2;17:49:15.5433333;17:46:00.0000000;8,069;43;60,51765
П 101 Нефтекамск - Николо-Березовка;<;17:54:00.0000000;2;18:05:15.5433333;18:03:00.0000000;8,069;43;53,79333
П 101 Нефтекамск - Николо-Березовка;<;18:11:00.0000000;2;18:22:15.5433333;18:19:00.0000000;8,069;43;60,51765
П 101 Нефтекамск - Николо-Березовка;<;18:28:00.0000000;2;18:39:15.5433333;18:36:00.0000000;8,069;43;60,51765
П 101 Нефтекамск - Николо-Березовка;<;18:43:00.0000000;2;18:54:15.5433333;18:53:00.0000000;8,069;43;48,4142
П 101 Нефтекамск - Николо-Березовка;<;19:18:00.0000000;2;19:29:15.5433333;19:25:00.0000000;8,069;43;69,16325
П 101 Нефтекамск - Николо-Березовка;>;10:51:00.0000000;2;11:02:15.5433333;11:00:00.0000000;8,069;43;53,79333
П 101 Нефтекамск - Николо-Березовка;>;11:24:00.0000000;2;11:35:15.5433333;11:35:00.0000000;8,069;43;44,01281
П 101 Нефтекамск - Николо-Березовка;>;11:39:00.0000000;2;11:50:15.5433333;11:48:00.0000000;8,069;43;53,79333
П 101 Нефтекамск - Николо-Березовка;>;11:56:00.0000000;2;12:07:15.5433333;12:04:00.0000000;8,069;43;60,51765
П 101 Нефтекамск - Николо-Березовка;>;12:13:00.0000000;2;12:24:15.5433333;12:21:00.0000000;8,069;43;60,51765
П 101 Нефтекамск - Николо-Березовка;>;12:29:00.0000000;2;12:40:15.5433333;12:38:00.0000000;8,069;43;53,79333
П 101 Нефтекамск - Николо-Березовка;>;12:46:00.0000000;2;12:57:15.5433333;12:54:00.0000000;8,069;43;60,51765
П 101 Нефтекамск - Николо-Березовка;>;13:03:00.0000000;2;13:14:15.5433333;13:11:00.0000000;8,069;43;60,51765
П 101 Нефтекамск - Николо-Березовка;>;13:19:00.0000000;2;13:30:15.5433333;13:28:00.0000000;8,069;43;53,79333
П 101 Нефтекамск - Николо-Березовка;>;13:36:00.0000000;2;13:47:15.5433333;13:43:00.0000000;8,069;43;69,16325
П 101 Нефтекамск - Николо-Березовка;>;13:53:00.0000000;2;14:04:15.5433333;14:01:00.0000000;8,069;43;60,51765
П 101 Нефтекамск - Николо-Березовка;>;14:09:00.0000000;2;14:20:15.5433333;14:18:00.0000000;8,069;43;53,79333
П 101 Нефтекамск - Николо-Березовка;>;14:26:00.0000000;2;14:37:15.5433333;14:34:00.0000000;8,069;43;60,51765
П 101 Нефтекамск - Николо-Березовка;>;14:43:00.0000000;2;14:54:15.5433333;14:51:00.0000000;8,069;43;60,51765
П 101 Нефтекамск - Николо-Березовка;>;14:59:00.0000000;2;15:10:15.5433333;15:08:00.0000000;8,069;43;53,79333
П 101 Нефтекамск - Николо-Березовка;>;15:16:00.0000000;2;15:27:15.5433333;15:24:00.0000000;8,069;43;60,51765
П 101 Нефтекамск - Николо-Березовка;>;16:39:00.0000000;2;16:50:15.5433333;16:49:00.0000000;8,069;43;48,4142
П 101 Нефтекамск - Николо-Березовка;>;17:13:00.0000000;2;17:24:15.5433333;17:21:00.0000000;8,069;43;60,51765
П 101 Нефтекамск - Николо-Березовка;>;17:29:00.0000000;2;17:40:15.5433333;17:38:00.0000000;8,069;43;53,79333
П 101 Нефтекамск - Николо-Березовка;>;17:46:00.0000000;2;17:57:15.5433333;17:54:00.0000000;8,069;43;60,51765
П 101 Нефтекамск - Николо-Березовка;>;18:03:00.0000000;2;18:14:15.5433333;18:11:00.0000000;8,069;43;60,51765
П 101 Нефтекамск - Николо-Березовка;>;18:19:00.0000000;2;18:30:15.5433333;18:28:00.0000000;8,069;43;53,79333
П 101 Нефтекамск - Николо-Березовка;>;18:36:00.0000000;2;18:47:15.5433333;18:43:00.0000000;8,069;43;69,16325
П 101 Нефтекамск - Николо-Березовка;>;18:53:00.0000000;2;19:04:15.5433333;19:01:00.0000000;8,069;43;60,51765
П 101 Нефтекамск - Николо-Березовка;>;19:07:00.0000000;2;19:18:15.5433333;19:18:00.0000000;8,069;43;44,01281
П 101 Уфа (ул. Дзержинского) - Аэропорт;<;10:00:00.0000000;23;11:02:36.7800000;11:00:00.0000000;29,823;43;45,88154
П 101 Уфа (ул. Дзержинского) - Аэропорт;<;10:25:00.0000000;23;11:27:36.7800000;11:25:00.0000000;29,823;43;45,88154
П 101 Уфа (ул. Дзержинского) - Аэропорт;<;10:50:00.0000000;23;11:52:36.7800000;11:50:00.0000000;29,823;43;45,88154
П 101 Уфа (ул. Дзержинского) - Аэропорт;<;11:15:00.0000000;23;12:17:36.7800000;12:15:00.0000000;29,823;43;45,88154
П 101 Уфа (ул. Дзержинского) - Аэропорт;<;11:40:00.0000000;23;12:42:36.7800000;12:40:00.0000000;29,823;43;45,88154
П 101 Уфа (ул. Дзержинского) - Аэропорт;<;12:05:00.0000000;23;13:07:36.7800000;13:05:00.0000000;29,823;43;45,88154
П 101 Уфа (ул. Дзержинского) - Аэропорт;<;12:30:00.0000000;23;13:32:36.7800000;13:30:00.0000000;29,823;43;45,88154
П 101 Уфа (ул. Дзержинского) - Аэропорт;<;12:55:00.0000000;23;13:57:36.7800000;13:55:00.0000000;29,823;43;45,88154
П 101 Уфа (ул. Дзержинского) - Аэропорт;<;13:20:00.0000000;23;14:22:36.7800000;14:20:00.0000000;29,823;43;45,88154
П 101 Уфа (ул. Дзержинского) - Аэропорт;<;13:45:00.0000000;23;14:47:36.7800000;14:45:00.0000000;29,823;43;45,88154
П 101 Уфа (ул. Дзержинского) - Аэропорт;<;14:10:00.0000000;23;15:12:36.7800000;15:10:00.0000000;29,823;43;45,88154
П 101 Уфа (ул. Дзержинского) - Аэропорт;<;14:35:00.0000000;23;15:37:36.7800000;15:35:00.0000000;29,823;43;45,88154
П 101 Уфа (ул. Дзержинского) - Аэропорт;<;15:00:00.0000000;23;16:02:36.7800000;16:00:00.0000000;29,823;43;45,88154
П 101 Уфа (ул. Дзержинского) - Аэропорт;<;15:25:00.0000000;23;16:27:36.7800000;16:25:00.0000000;29,823;43;45,88154
П 101 Уфа (ул. Дзержинского) - Аэропорт;<;15:50:00.0000000;23;16:52:36.7800000;16:50:00.0000000;29,823;43;45,88154
П 101 Уфа (ул. Дзержинского) - Аэропорт;>;10:10:00.0000000;26;11:17:08.0933333;11:15:00.0000000;30,914;43;45,24002
П 101 Уфа (ул. Дзержинского) - Аэропорт;>;10:35:00.0000000;26;11:42:08.0933333;11:40:00.0000000;30,914;43;45,24002
П 101 Уфа (ул. Дзержинского) - Аэропорт;>;11:00:00.0000000;26;12:07:08.0933333;12:05:00.0000000;30,914;43;45,24002
П 101 Уфа (ул. Дзержинского) - Аэропорт;>;11:25:00.0000000;26;12:32:08.0933333;12:30:00.0000000;30,914;43;45,24002
П 101 Уфа (ул. Дзержинского) - Аэропорт;>;11:50:00.0000000;26;12:57:08.0933333;12:55:00.0000000;30,914;43;45,24002
П 101 Уфа (ул. Дзержинского) - Аэропорт;>;12:15:00.0000000;26;13:22:08.0933333;13:20:00.0000000;30,914;43;45,24002
П 101 Уфа (ул. Дзержинского) - Аэропорт;>;12:40:00.0000000;26;13:47:08.0933333;13:45:00.0000000;30,914;43;45,24002
П 101 Уфа (ул. Дзержинского) - Аэропорт;>;13:05:00.0000000;26;14:12:08.0933333;14:10:00.0000000;30,914;43;45,24002
П 101 Уфа (ул. Дзержинского) - Аэропорт;>;13:30:00.0000000;26;14:37:08.0933333;14:35:00.0000000;30,914;43;45,24002
П 101 Уфа (ул. Дзержинского) - Аэропорт;>;13:55:00.0000000;26;15:02:08.0933333;15:00:00.0000000;30,914;43;45,24002
П 101 Уфа (ул. Дзержинского) - Аэропорт;>;14:20:00.0000000;26;15:27:08.0933333;15:25:00.0000000;30,914;43;45,24002
П 101 Уфа (ул. Дзержинского) - Аэропорт;>;14:45:00.0000000;26;15:52:08.0933333;15:50:00.0000000;30,914;43;45,24002
П 101 Уфа (ул. Дзержинского) - Аэропорт;>;15:10:00.0000000;26;16:17:08.0933333;16:15:00.0000000;30,914;43;45,24002
П 101 Уфа (ул. Дзержинского) - Аэропорт;>;16:50:00.0000000;26;17:57:08.0933333;17:55:00.0000000;30,914;43;45,24002
П 101 Уфа (ул. Дзержинского) - Аэропорт;>;17:10:00.0000000;26;18:17:08.0933333;18:15:00.0000000;30,914;43;45,24002
П 101 Уфа (ул. Дзержинского) - Аэропорт;>;17:30:00.0000000;26;18:37:08.0933333;18:35:00.0000000;30,914;43;45,24002
П 101 Уфа (ул. Дзержинского) - Аэропорт;>;19:10:00.0000000;26;20:17:08.0933333;20:15:00.0000000;30,914;43;45,24002
П 102 Нефтекамск - Куяново;<;16:15:00.0000000;18;17:29:25.7466667;17:25:00.0000000;42,556;43,7;47,28445
П 102 Нефтекамск - Куяново;>;15:40:00.0000000;18;16:54:25.7466667;16:50:00.0000000;42,556;43,7;47,28445
П 102 Нефтекамск - Куяново;>;17:25:00.0000000;18;18:39:25.7466667;18:35:00.0000000;42,556;43,7;47,28445
П 102 Салават - Мелеуз;<;06:00:00.0000000;8;07:01:16.6333333;07:00:00.0000000;48,092;52,2;53,43555
П 102 Салават - Мелеуз;<;06:30:00.0000000;8;07:31:16.6333333;07:30:00.0000000;48,092;52,2;53,43555
П 102 Салават - Мелеуз;<;07:00:00.0000000;8;08:01:16.6333333;08:00:00.0000000;48,092;52,2;53,43555
П 102 Салават - Мелеуз;<;07:30:00.0000000;8;08:31:16.6333333;08:30:00.0000000;48,092;52,2;53,43555
П 102 Салават - Мелеуз;<;08:00:00.0000000;8;09:01:16.6333333;09:00:00.0000000;48,092;52,2;53,43555
П 102 Салават - Мелеуз;<;08:30:00.0000000;8;09:31:16.6333333;09:30:00.0000000;48,092;52,2;53,43555
П 102 Салават - Мелеуз;<;09:00:00.0000000;8;10:01:16.6333333;10:00:00.0000000;48,092;52,2;53,43555
П 102 Салават - Мелеуз;<;09:30:00.0000000;8;10:31:16.6333333;10:30:00.0000000;48,092;52,2;53,43555
П 102 Салават - Мелеуз;<;10:00:00.0000000;8;11:01:16.6333333;11:00:00.0000000;48,092;52,2;53,43555
П 102 Салават - Мелеуз;<;10:30:00.0000000;8;11:31:16.6333333;11:30:00.0000000;48,092;52,2;53,43555
П 102 Салават - Мелеуз;<;11:00:00.0000000;8;12:01:16.6333333;12:00:00.0000000;48,092;52,2;53,43555
П 102 Салават - Мелеуз;<;11:30:00.0000000;8;12:31:16.6333333;12:30:00.0000000;48,092;52,2;53,43555
П 102 Салават - Мелеуз;<;12:00:00.0000000;8;13:01:16.6333333;13:00:00.0000000;48,092;52,2;53,43555
П 102 Салават - Мелеуз;<;12:30:00.0000000;8;13:31:16.6333333;13:30:00.0000000;48,092;52,2;53,43555
П 102 Салават - Мелеуз;<;13:00:00.0000000;8;14:01:16.6333333;14:00:00.0000000;48,092;52,2;53,43555
П 102 Салават - Мелеуз;<;13:30:00.0000000;8;14:31:16.6333333;14:30:00.0000000;48,092;52,2;53,43555
П 102 Салават - Мелеуз;<;14:00:00.0000000;8;15:01:16.6333333;15:00:00.0000000;48,092;52,2;53,43555
П 102 Салават - Мелеуз;<;14:30:00.0000000;8;15:31:16.6333333;15:30:00.0000000;48,092;52,2;53,43555
П 102 Салават - Мелеуз;<;15:00:00.0000000;8;16:01:16.6333333;16:00:00.0000000;48,092;52,2;53,43555
П 102 Салават - Мелеуз;<;15:30:00.0000000;8;16:31:16.6333333;16:30:00.0000000;48,092;52,2;53,43555
П 102 Салават - Мелеуз;<;16:00:00.0000000;8;17:01:16.6333333;17:00:00.0000000;48,092;52,2;53,43555
П 102 Салават - Мелеуз;<;16:30:00.0000000;8;17:31:16.6333333;17:30:00.0000000;48,092;52,2;53,43555
П 102 Салават - Мелеуз;<;17:00:00.0000000;8;18:01:16.6333333;18:00:00.0000000;48,092;52,2;53,43555
П 102 Салават - Мелеуз;<;17:30:00.0000000;8;18:31:16.6333333;18:30:00.0000000;48,092;52,2;53,43555
П 102 Салават - Мелеуз;<;18:00:00.0000000;8;19:01:16.6333333;19:00:00.0000000;48,092;52,2;53,43555
П 102 Салават - Мелеуз;<;18:30:00.0000000;8;19:31:16.6333333;19:30:00.0000000;48,092;52,2;53,43555
П 102 Салават - Мелеуз;<;19:00:00.0000000;8;20:01:16.6333333;20:00:00.0000000;48,092;52,2;53,43555
П 102 Салават - Мелеуз;<;19:30:00.0000000;8;20:31:16.6333333;20:30:00.0000000;48,092;52,2;53,43555
П 102 Салават - Мелеуз;<;20:00:00.0000000;8;21:01:16.6333333;21:00:00.0000000;48,092;52,2;53,43555
П 102 Салават - Мелеуз;>;06:00:00.0000000;8;07:01:16.6333333;07:00:00.0000000;48,092;52,2;53,43555
П 102 Салават - Мелеуз;>;06:30:00.0000000;8;07:31:16.6333333;07:30:00.0000000;48,092;52,2;53,43555
П 102 Салават - Мелеуз;>;07:00:00.0000000;8;08:01:16.6333333;08:00:00.0000000;48,092;52,2;53,43555
П 102 Салават - Мелеуз;>;07:30:00.0000000;8;08:31:16.6333333;08:30:00.0000000;48,092;52,2;53,43555
П 102 Салават - Мелеуз;>;08:00:00.0000000;8;09:01:16.6333333;09:00:00.0000000;48,092;52,2;53,43555
П 102 Салават - Мелеуз;>;08:30:00.0000000;8;09:31:16.6333333;09:30:00.0000000;48,092;52,2;53,43555
П 102 Салават - Мелеуз;>;09:00:00.0000000;8;10:01:16.6333333;10:00:00.0000000;48,092;52,2;53,43555
П 102 Салават - Мелеуз;>;09:30:00.0000000;8;10:31:16.6333333;10:30:00.0000000;48,092;52,2;53,43555
П 102 Салават - Мелеуз;>;10:00:00.0000000;8;11:01:16.6333333;11:00:00.0000000;48,092;52,2;53,43555
П 102 Салават - Мелеуз;>;10:30:00.0000000;8;11:31:16.6333333;11:30:00.0000000;48,092;52,2;53,43555
П 102 Салават - Мелеуз;>;11:00:00.0000000;8;12:01:16.6333333;12:00:00.0000000;48,092;52,2;53,43555
П 102 Салават - Мелеуз;>;11:30:00.0000000;8;12:31:16.6333333;12:30:00.0000000;48,092;52,2;53,43555
П 102 Салават - Мелеуз;>;12:00:00.0000000;8;13:01:16.6333333;13:00:00.0000000;48,092;52,2;53,43555
П 102 Салават - Мелеуз;>;12:30:00.0000000;8;13:31:16.6333333;13:30:00.0000000;48,092;52,2;53,43555
П 102 Салават - Мелеуз;>;13:00:00.0000000;8;14:01:16.6333333;14:00:00.0000000;48,092;52,2;53,43555
П 102 Салават - Мелеуз;>;13:30:00.0000000;8;14:31:16.6333333;14:30:00.0000000;48,092;52,2;53,43555
П 102 Салават - Мелеуз;>;14:00:00.0000000;8;15:01:16.6333333;15:00:00.0000000;48,092;52,2;53,43555
П 102 Салават - Мелеуз;>;14:30:00.0000000;8;15:31:16.6333333;15:30:00.0000000;48,092;52,2;53,43555
П 102 Салават - Мелеуз;>;15:00:00.0000000;8;16:01:16.6333333;16:00:00.0000000;48,092;52,2;53,43555
П 102 Салават - Мелеуз;>;15:30:00.0000000;8;16:31:16.6333333;16:30:00.0000000;48,092;52,2;53,43555
П 102 Салават - Мелеуз;>;16:00:00.0000000;8;17:01:16.6333333;17:00:00.0000000;48,092;52,2;53,43555
П 102 Салават - Мелеуз;>;16:30:00.0000000;8;17:31:16.6333333;17:30:00.0000000;48,092;52,2;53,43555
П 102 Салават - Мелеуз;>;17:00:00.0000000;8;18:01:16.6333333;18:00:00.0000000;48,092;52,2;53,43555
П 102 Салават - Мелеуз;>;17:30:00.0000000;8;18:31:16.6333333;18:30:00.0000000;48,092;52,2;53,43555
П 102 Салават - Мелеуз;>;18:00:00.0000000;8;19:01:16.6333333;19:00:00.0000000;48,092;52,2;53,43555
П 102 Салават - Мелеуз;>;18:30:00.0000000;8;19:31:16.6333333;19:30:00.0000000;48,092;52,2;53,43555
П 102 Салават - Мелеуз;>;19:00:00.0000000;8;20:01:16.6333333;20:00:00.0000000;48,092;52,2;53,43555
П 102 Салават - Мелеуз;>;19:30:00.0000000;8;20:31:16.6333333;20:30:00.0000000;48,092;52,2;53,43555
П 102 Салават - Мелеуз;>;20:00:00.0000000;8;21:01:16.6333333;21:00:00.0000000;48,092;52,2;53,43555
П 103 Петровск - Стерлитамак;>;19:25:00.0000000;8;20:29:57.4866667;20:25:00.0000000;42,254;43;46,94889
П 106 Нефтекамск - Ст. Янзигит ч/з Ст. Мушта;>;06:55:00.0000000;12;08:30:27.2800000;08:30:00.0000000;61,243;43;43,23037
П 106 Нефтекамск - Ст. Янзигит ч/з Ст. Мушта;>;07:25:00.0000000;12;09:00:27.2800000;09:00:00.0000000;61,243;43;43,23037
П 106 Нефтекамск - Ст. Янзигит ч/з Ст. Мушта;>;16:10:00.0000000;12;17:45:27.2800000;17:45:00.0000000;61,243;43;43,23037
П 106 Октябрьский - Туймазы;>;07:00:00.0000000;6;07:34:36.5200000;07:30:00.0000000;21,937;43;50,62389
П 106 Октябрьский - Туймазы;>;07:15:00.0000000;6;07:49:36.5200000;07:45:00.0000000;21,937;43;50,62389
П 106 Октябрьский - Туймазы;>;07:30:00.0000000;6;08:04:36.5200000;08:00:00.0000000;21,937;43;50,62389
П 106 Октябрьский - Туймазы;>;07:45:00.0000000;6;08:19:36.5200000;08:15:00.0000000;21,937;43;50,62389
П 106 Октябрьский - Туймазы;>;08:00:00.0000000;6;08:34:36.5200000;08:30:00.0000000;21,937;43;50,62389
П 106 Октябрьский - Туймазы;>;08:15:00.0000000;6;08:49:36.5200000;08:45:00.0000000;21,937;43;50,62389
П 106 Октябрьский - Туймазы;>;08:30:00.0000000;6;09:04:36.5200000;09:00:00.0000000;21,937;43;50,62389
П 106 Октябрьский - Туймазы;>;08:45:00.0000000;6;09:19:36.5200000;09:15:00.0000000;21,937;43;50,62389
П 106 Октябрьский - Туймазы;>;09:00:00.0000000;6;09:34:36.5200000;09:30:00.0000000;21,937;43;50,62389
П 106 Октябрьский - Туймазы;>;09:15:00.0000000;6;09:49:36.5200000;09:45:00.0000000;21,937;43;50,62389
П 106 Октябрьский - Туймазы;>;09:30:00.0000000;6;10:04:36.5200000;10:00:00.0000000;21,937;43;50,62389
П 106 Октябрьский - Туймазы;>;10:00:00.0000000;6;10:34:36.5200000;10:30:00.0000000;21,937;43;50,62389
П 106 Октябрьский - Туймазы;>;10:30:00.0000000;6;11:04:36.5200000;11:00:00.0000000;21,937;43;50,62389
П 106 Октябрьский - Туймазы;>;11:00:00.0000000;6;11:34:36.5200000;11:30:00.0000000;21,937;43;50,62389
П 106 Октябрьский - Туймазы;>;11:30:00.0000000;6;12:04:36.5200000;12:00:00.0000000;21,937;43;50,62389
П 106 Октябрьский - Туймазы;>;12:00:00.0000000;6;12:34:36.5200000;12:30:00.0000000;21,937;43;50,62389
П 106 Октябрьский - Туймазы;>;12:30:00.0000000;6;13:04:36.5200000;13:00:00.0000000;21,937;43;50,62389
П 106 Октябрьский - Туймазы;>;13:00:00.0000000;6;13:34:36.5200000;13:30:00.0000000;21,937;43;50,62389
П 106 Октябрьский - Туймазы;>;13:30:00.0000000;6;14:04:36.5200000;14:00:00.0000000;21,937;43;50,62389
П 106 Октябрьский - Туймазы;>;14:00:00.0000000;6;14:34:36.5200000;14:30:00.0000000;21,937;43;50,62389
П 106 Октябрьский - Туймазы;>;14:30:00.0000000;6;15:04:36.5200000;15:00:00.0000000;21,937;43;50,62389
П 106 Октябрьский - Туймазы;>;15:00:00.0000000;6;15:34:36.5200000;15:30:00.0000000;21,937;43;50,62389
П 106 Октябрьский - Туймазы;>;15:30:00.0000000;6;16:04:36.5200000;16:00:00.0000000;21,937;43;50,62389
П 106 Октябрьский - Туймазы;>;16:00:00.0000000;6;16:34:36.5200000;16:30:00.0000000;21,937;43;50,62389
П 106 Октябрьский - Туймазы;>;16:30:00.0000000;6;17:04:36.5200000;17:00:00.0000000;21,937;43;50,62389
П 106 Октябрьский - Туймазы;>;16:45:00.0000000;6;17:19:36.5200000;17:15:00.0000000;21,937;43;50,62389
П 106 Октябрьский - Туймазы;>;17:00:00.0000000;6;17:34:36.5200000;17:30:00.0000000;21,937;43;50,62389
П 106 Октябрьский - Туймазы;>;17:15:00.0000000;6;17:49:36.5200000;17:45:00.0000000;21,937;43;50,62389
П 106 Октябрьский - Туймазы;>;17:30:00.0000000;6;18:04:36.5200000;18:00:00.0000000;21,937;43;50,62389
П 106 Октябрьский - Туймазы;>;17:45:00.0000000;6;18:19:36.5200000;18:15:00.0000000;21,937;43;50,62389
П 106 Октябрьский - Туймазы;>;18:00:00.0000000;6;18:34:36.5200000;18:30:00.0000000;21,937;43;50,62389
П 106 Октябрьский - Туймазы;>;18:15:00.0000000;6;18:49:36.5200000;18:45:00.0000000;21,937;43;50,62389
П 106 Октябрьский - Туймазы;>;18:30:00.0000000;6;19:04:36.5200000;19:00:00.0000000;21,937;43;50,62389
П 106 Октябрьский - Туймазы;>;18:45:00.0000000;6;19:19:36.5200000;19:15:00.0000000;21,937;43;50,62389
П 106 Октябрьский - Туймазы;>;19:00:00.0000000;6;19:34:36.5200000;19:30:00.0000000;21,937;43;50,62389
П 106 Октябрьский - Туймазы;>;19:30:00.0000000;6;20:04:36.5200000;20:00:00.0000000;21,937;43;50,62389
П 110 Нефтекамск - Саузбашево;>;16:30:00.0000000;7;17:33:13.8233333;17:30:00.0000000;41,732;43;45,52585
П 110 Уфа (АЦ ВАЗ) - Аэропорт;<;08:16:00.0000000;28;09:38:43.5433333;09:34:00.0000000;40,654;43;46,9085
П 110 Уфа (АЦ ВАЗ) - Аэропорт;<;08:36:00.0000000;28;09:58:43.5433333;09:57:00.0000000;40,654;43;44,34985
П 110 Уфа (АЦ ВАЗ) - Аэропорт;<;13:11:00.0000000;28;14:33:43.5433333;14:30:00.0000000;40,654;43;46,02341
П 110 Уфа (АЦ ВАЗ) - Аэропорт;<;13:35:00.0000000;28;14:57:43.5433333;14:55:00.0000000;40,654;43;45,17111
П 110 Уфа (АЦ ВАЗ) - Аэропорт;<;16:01:00.0000000;28;17:23:43.5433333;17:22:00.0000000;40,654;43;44,34985
П 110 Уфа (АЦ ВАЗ) - Аэропорт;<;16:25:00.0000000;28;17:47:43.5433333;17:45:00.0000000;40,654;43;45,17111
П 110 Уфа (АЦ ВАЗ) - Аэропорт;<;16:43:00.0000000;28;18:05:43.5433333;18:05:00.0000000;40,654;43;43,55787
П 110 Уфа (АЦ ВАЗ) - Аэропорт;>;09:57:00.0000000;29;11:20:44.8466667;11:19:00.0000000;40,669;43;44,36621
П 110 Уфа (АЦ ВАЗ) - Аэропорт;>;11:38:00.0000000;29;13:01:44.8466667;12:58:00.0000000;40,669;43;46,04039
П 110 Я Янаул - Чургулды;>;16:10:00.0000000;14;17:53:48.8900000;17:50:00.0000000;65,801;43;44,86434
П 110С  Уфа (Уфимский Док) - Аэропорт;<;08:09:00.0000000;50;09:59:42.8900000;09:59:00.0000000;44,946;43;43,49614
П 110С  Уфа (Уфимский Док) - Аэропорт;<;08:48:00.0000000;50;10:38:42.8900000;10:34:00.0000000;44,946;43;46,4959
П 110С  Уфа (Уфимский Док) - Аэропорт;<;18:21:00.0000000;50;20:11:42.8900000;20:09:00.0000000;44,946;43;44,946
П 110С  Уфа (Уфимский Док) - Аэропорт;>;16:45:00.0000000;51;18:36:44.6133333;18:36:00.0000000;44,967;43;43,51647
П 110С  Уфа (Уфимский Док) - Аэропорт;>;19:50:00.0000000;51;21:41:44.6133333;21:41:00.0000000;44,967;43;43,51647
П 111 Стерлитамак - с/х Рощинский;>;21:00:00.0000000;11;21:33:16.4933333;21:30:00.0000000;17,397;43;49,70572
П 111 Стерлитамак (Хим. завод) - с/х Рощинский;>;07:22:00.0000000;11;07:55:16.4933333;07:55:00.0000000;17,397;43;43,4925
П 111к Уфа (Южный АВ) - Сады Факел;>;08:30:00.0000000;8;09:33:21.7100000;09:30:00.0000000;41,11;43;45,67778
П 112 Э Нефтекамск - Карманово;>;05:40:00.0000000;9;06:25:42.7433333;06:25:00.0000000;27,744;43;43,80634
П 113 Нефтекамск - Калтасы;>;08:50:00.0000000;9;09:57:48.3800000;09:54:00.0000000;43,578;43;45,87158
П 114 Нефтекамск - Янаул;<;12:00:00.0000000;12;13:19:53.5400000;13:15:00.0000000;50,09;43;46,23694
П 114 Нефтекамск - Янаул;<;12:55:00.0000000;12;14:14:53.5400000;14:10:00.0000000;50,09;43;46,23694
П 114 Нефтекамск - Янаул;<;18:30:00.0000000;12;19:49:53.5400000;19:45:00.0000000;50,09;43;46,23694
П 114 Нефтекамск - Янаул;>;15:35:00.0000000;12;16:54:53.5400000;16:50:00.0000000;50,09;43;46,23694
П 116 Стерлитамак АВ - Месели - Манеево;>;17:25:00.0000000;10;18:23:46.9766667;18:20:00.0000000;36,395;43;46,46172
П 117 к Уфа (Южный АВ) - Первушино;>;08:20:00.0000000;11;09:26:37.4033333;09:25:00.0000000;41,873;43,6;44,86395
П 117 к Уфа (Южный АВ) - Первушино;>;17:50:00.0000000;11;18:56:37.4033333;18:55:00.0000000;41,873;43,6;44,86395
П 120 Агидель - Нефтекамск;>;06:00:00.0000000;11;07:02:50.2900000;07:00:00.0000000;38,584;43;45,39294
П 120 Агидель - Нефтекамск;>;06:50:00.0000000;11;07:52:50.2900000;07:50:00.0000000;38,584;43;45,39294
П 120 Агидель - Нефтекамск;>;07:40:00.0000000;11;08:42:50.2900000;08:40:00.0000000;38,584;43;45,39294
П 120 Агидель - Нефтекамск;>;08:30:00.0000000;11;09:32:50.2900000;09:30:00.0000000;38,584;43;45,39294
П 120 Агидель - Нефтекамск;>;09:20:00.0000000;11;10:22:50.2900000;10:20:00.0000000;38,584;43;45,39294
П 120 Агидель - Нефтекамск;>;10:10:00.0000000;11;11:12:50.2900000;11:10:00.0000000;38,584;43;45,39294
П 120 Агидель - Нефтекамск;>;11:00:00.0000000;11;12:02:50.2900000;12:00:00.0000000;38,584;43;45,39294
П 120 Агидель - Нефтекамск;>;11:50:00.0000000;11;12:52:50.2900000;12:50:00.0000000;38,584;43;45,39294
П 120 Агидель - Нефтекамск;>;12:40:00.0000000;11;13:42:50.2900000;13:40:00.0000000;38,584;43;45,39294
П 120 Агидель - Нефтекамск;>;13:30:00.0000000;11;14:32:50.2900000;14:30:00.0000000;38,584;43;45,39294
П 120 Агидель - Нефтекамск;>;14:20:00.0000000;11;15:22:50.2900000;15:20:00.0000000;38,584;43;45,39294
П 120 Агидель - Нефтекамск;>;15:10:00.0000000;11;16:12:50.2900000;16:10:00.0000000;38,584;43;45,39294
П 120 Агидель - Нефтекамск;>;16:00:00.0000000;11;17:02:50.2900000;17:00:00.0000000;38,584;43;45,39294
П 120 Агидель - Нефтекамск;>;16:50:00.0000000;11;17:52:50.2900000;17:50:00.0000000;38,584;43;45,39294
П 120 Агидель - Нефтекамск;>;17:40:00.0000000;11;18:42:50.2900000;18:40:00.0000000;38,584;43;45,39294
П 120 Агидель - Нефтекамск;>;18:30:00.0000000;11;19:32:50.2900000;19:30:00.0000000;38,584;43;45,39294
П 120 Агидель - Нефтекамск;>;19:20:00.0000000;11;20:22:50.2900000;20:20:00.0000000;38,584;43;45,39294
П 132 Стерлитамак - Заливное;>;06:45:00.0000000;4;07:03:52.6966667;07:00:00.0000000;12,097;43;55,83248
П 132 Стерлитамак - Заливное;>;07:45:00.0000000;4;08:03:52.6966667;08:00:00.0000000;12,097;43;55,83248
П 132 Стерлитамак - Заливное;>;10:20:00.0000000;4;10:38:52.6966667;10:35:00.0000000;12,097;43;55,83248
П 134 Стерлитамак - Сады Мирный;>;08:13:00.0000000;2;08:24:30.7800000;08:21:00.0000000;8,251;43;61,88266
П 134 Стерлитамак - Сады Мирный;>;08:30:00.0000000;2;08:41:30.7800000;08:38:00.0000000;8,251;43;61,88266
П 134 Стерлитамак - Сады Мирный;>;08:47:00.0000000;2;08:58:30.7800000;08:55:00.0000000;8,251;43;61,88266
П 134 Стерлитамак - Сады Мирный;>;09:04:00.0000000;2;09:15:30.7800000;09:12:00.0000000;8,251;43;61,88266
П 134 Стерлитамак - Сады Мирный;>;09:21:00.0000000;2;09:32:30.7800000;09:29:00.0000000;8,251;43;61,88266
П 134 Стерлитамак - Сады Мирный;>;09:38:00.0000000;2;09:49:30.7800000;09:46:00.0000000;8,251;43;61,88266
П 134 Стерлитамак - Сады Мирный;>;09:55:00.0000000;2;10:06:30.7800000;10:03:00.0000000;8,251;43;61,88266
П 134 Стерлитамак - Сады Мирный;>;10:12:00.0000000;2;10:23:30.7800000;10:20:00.0000000;8,251;43;61,88266
П 134 Стерлитамак - Сады Мирный;>;10:29:00.0000000;2;10:40:30.7800000;10:37:00.0000000;8,251;43;61,88266
П 134 Стерлитамак - Сады Мирный;>;10:46:00.0000000;2;10:57:30.7800000;10:54:00.0000000;8,251;43;61,88266
П 134 Стерлитамак - Сады Мирный;>;11:03:00.0000000;2;11:14:30.7800000;11:11:00.0000000;8,251;43;61,88266
П 134 Стерлитамак - Сады Мирный;>;11:20:00.0000000;2;11:31:30.7800000;11:28:00.0000000;8,251;43;61,88266
П 134 Стерлитамак - Сады Мирный;>;11:37:00.0000000;2;11:48:30.7800000;11:45:00.0000000;8,251;43;61,88266
П 134 Стерлитамак - Сады Мирный;>;11:54:00.0000000;2;12:05:30.7800000;12:02:00.0000000;8,251;43;61,88266
П 134 Стерлитамак - Сады Мирный;>;12:11:00.0000000;2;12:22:30.7800000;12:19:00.0000000;8,251;43;61,88266
П 134 Стерлитамак - Сады Мирный;>;14:10:00.0000000;2;14:21:30.7800000;14:18:00.0000000;8,251;43;61,88266
П 134 Стерлитамак - Сады Мирный;>;14:27:00.0000000;2;14:38:30.7800000;14:35:00.0000000;8,251;43;61,88266
П 134 Стерлитамак - Сады Мирный;>;14:44:00.0000000;2;14:55:30.7800000;14:52:00.0000000;8,251;43;61,88266
П 134 Стерлитамак - Сады Мирный;>;15:01:00.0000000;2;15:12:30.7800000;15:09:00.0000000;8,251;43;61,88266
П 134 Стерлитамак - Сады Мирный;>;15:18:00.0000000;2;15:29:30.7800000;15:26:00.0000000;8,251;43;61,88266
П 134 Стерлитамак - Сады Мирный;>;15:35:00.0000000;2;15:46:30.7800000;15:43:00.0000000;8,251;43;61,88266
П 134 Стерлитамак - Сады Мирный;>;15:52:00.0000000;2;16:03:30.7800000;16:00:00.0000000;8,251;43;61,88266
П 134 Стерлитамак - Сады Мирный;>;16:09:00.0000000;2;16:20:30.7800000;16:17:00.0000000;8,251;43;61,88266
П 134 Стерлитамак - Сады Мирный;>;16:26:00.0000000;2;16:37:30.7800000;16:34:00.0000000;8,251;43;61,88266
П 134 Стерлитамак - Сады Мирный;>;16:43:00.0000000;2;16:54:30.7800000;16:51:00.0000000;8,251;43;61,88266
П 134 Стерлитамак - Сады Мирный;>;17:00:00.0000000;2;17:11:30.7800000;17:08:00.0000000;8,251;43;61,88266
П 134 Стерлитамак - Сады Мирный;>;17:17:00.0000000;2;17:28:30.7800000;17:25:00.0000000;8,251;43;61,88266
П 134 Стерлитамак - Сады Мирный;>;17:34:00.0000000;2;17:45:30.7800000;17:42:00.0000000;8,251;43;61,88266
П 134 Стерлитамак - Сады Мирный;>;17:51:00.0000000;2;18:02:30.7800000;17:59:00.0000000;8,251;43;61,88266
П 134 Стерлитамак - Сады Мирный;>;18:08:00.0000000;2;18:19:30.7800000;18:16:00.0000000;8,251;43;61,88266
П 134 Стерлитамак - Сады Мирный;>;18:25:00.0000000;2;18:36:30.7800000;18:33:00.0000000;8,251;43;61,88266
П 134 Стерлитамак - Сады Мирный;>;18:42:00.0000000;2;18:53:30.7800000;18:50:00.0000000;8,251;43;61,88266
П 157 а Стерлитамак - Ранний Рассвет;>;17:15:00.0000000;2;17:47:30.3633333;17:45:00.0000000;23,296;43;46,592
П 157 а Стерлитамак - Ранний Рассвет;>;19:40:00.0000000;2;20:12:30.3633333;20:10:00.0000000;23,296;43;46,592
П 205 Стерлитамак АВ - Мраково;>;09:00:00.0000000;10;10:05:22.8933333;10:05:00.0000000;41,124;43;43,28842
П 205 Стерлитамак АВ - Мраково;>;11:00:00.0000000;10;12:05:22.8933333;12:05:00.0000000;41,124;43;43,28842
П 205 Стерлитамак АВ - Мраково;>;14:40:00.0000000;10;15:45:22.8933333;15:45:00.0000000;41,124;43;43,28842
П 205 Стерлитамак АВ - Мраково;>;19:00:00.0000000;10;20:05:22.8933333;20:05:00.0000000;41,124;43;43,28842
П 258 Уфа (Южный АВ) - Кушнаренково;<;06:30:00.0000000;13;08:12:17.2833333;08:10:00.0000000;65,424;43;44,10608
П 258 Уфа (Южный АВ) - Кушнаренково;<;09:00:00.0000000;13;10:42:17.2833333;10:40:00.0000000;65,424;43;44,10608
П 258 Уфа (Южный АВ) - Кушнаренково;<;10:00:00.0000000;13;11:42:17.2833333;11:40:00.0000000;65,424;43;44,10608
П 258 Уфа (Южный АВ) - Кушнаренково;<;10:30:00.0000000;13;12:12:17.2833333;12:10:00.0000000;65,424;43;44,10608
П 258 Уфа (Южный АВ) - Кушнаренково;<;11:00:00.0000000;13;12:42:17.2833333;12:40:00.0000000;65,424;43;44,10608
П 258 Уфа (Южный АВ) - Кушнаренково;<;11:30:00.0000000;13;13:12:17.2833333;13:10:00.0000000;65,424;43;44,10608
П 258 Уфа (Южный АВ) - Кушнаренково;<;12:00:00.0000000;13;13:42:17.2833333;13:40:00.0000000;65,424;43;44,10608
П 258 Уфа (Южный АВ) - Кушнаренково;<;12:30:00.0000000;13;14:12:17.2833333;14:10:00.0000000;65,424;43;44,10608
П 258 Уфа (Южный АВ) - Кушнаренково;<;13:00:00.0000000;13;14:42:17.2833333;14:40:00.0000000;65,424;43;44,10608
П 258 Уфа (Южный АВ) - Кушнаренково;<;13:30:00.0000000;13;15:12:17.2833333;15:10:00.0000000;65,424;43;44,10608
П 258 Уфа (Южный АВ) - Кушнаренково;<;14:00:00.0000000;13;15:42:17.2833333;15:40:00.0000000;65,424;43;44,10608
П 258 Уфа (Южный АВ) - Кушнаренково;<;14:30:00.0000000;13;16:12:17.2833333;16:10:00.0000000;65,424;43;44,10608
П 258 Уфа (Южный АВ) - Кушнаренково;<;15:00:00.0000000;13;16:42:17.2833333;16:40:00.0000000;65,424;43;44,10608
П 258 Уфа (Южный АВ) - Кушнаренково;<;16:00:00.0000000;13;17:42:17.2833333;17:40:00.0000000;65,424;43;44,10608
П 258 Уфа (Южный АВ) - Кушнаренково;<;18:30:00.0000000;13;20:12:17.2833333;20:10:00.0000000;65,424;43;44,10608
П 258 Уфа (Южный АВ) - Кушнаренково;<;19:30:00.0000000;13;21:12:17.2833333;21:10:00.0000000;65,424;43;44,10608
П 258 Уфа (Южный АВ) - Кушнаренково;>;08:50:00.0000000;13;10:32:17.2833333;10:30:00.0000000;65,424;43;44,10608
П 258 Уфа (Южный АВ) - Кушнаренково;>;09:50:00.0000000;13;11:32:17.2833333;11:30:00.0000000;65,424;43;44,10608
П 258 Уфа (Южный АВ) - Кушнаренково;>;15:10:00.0000000;13;16:52:17.2833333;16:50:00.0000000;65,424;43;44,10608
П 258 Уфа (Южный АВ) - Кушнаренково;>;16:10:00.0000000;13;17:52:17.2833333;17:50:00.0000000;65,424;43;44,10608
П 282 Стерлитамак АВ - пос. Красноусольский;<;18:10:00.0000000;13;19:51:35.2066667;19:50:00.0000000;68,243;45,2;46,00652
Персп 2М 531 Уфа (Мега) - Стерлитамак;<;05:00:00.0000000;11;07:12:41.0500000;07:10:00.0000000;124,921;60,6;61,94432
Персп 2М 531 Уфа (Мега) - Стерлитамак;<;06:50:00.0000000;11;09:02:41.0500000;09:00:00.0000000;124,921;60,6;61,94432
Персп 2М 531 Уфа (Мега) - Стерлитамак;<;15:30:00.0000000;11;17:42:41.0500000;17:40:00.0000000;124,921;60,6;61,94432
Персп 2М 531 Уфа (Мега) - Стерлитамак;<;17:20:00.0000000;11;19:32:41.0500000;19:30:00.0000000;124,921;60,6;61,94432
Персп 2М 531 Уфа (Мега) - Стерлитамак;>;05:00:00.0000000;11;07:12:41.0500000;07:10:00.0000000;124,921;60,6;61,94432
Персп 2М 531 Уфа (Мега) - Стерлитамак;>;06:50:00.0000000;11;09:02:41.0500000;09:00:00.0000000;124,921;60,6;61,94432
Персп 2М 531 Уфа (Мега) - Стерлитамак;>;15:30:00.0000000;11;17:42:41.0500000;17:40:00.0000000;124,921;60,6;61,94432
Персп 2М 531 Уфа (Мега) - Стерлитамак;>;17:20:00.0000000;11;19:32:41.0500000;19:30:00.0000000;124,921;60,6;61,94432
Персп 2М 551 Уфа (Мега) - Салават;<;05:30:00.0000000;8;08:33:38.0600000;08:30:00.0000000;161,056;54,4;55,53655
Персп 2М 551 Уфа (Мега) - Салават;<;07:00:00.0000000;8;10:03:38.0600000;10:00:00.0000000;161,056;54,4;55,53655
Персп 2М 551 Уфа (Мега) - Салават;<;08:30:00.0000000;8;11:33:38.0600000;11:30:00.0000000;161,056;54,4;55,53655
Персп 2М 551 Уфа (Мега) - Салават;<;10:00:00.0000000;8;13:03:38.0600000;13:00:00.0000000;161,056;54,4;55,53655
Персп 2М 551 Уфа (Мега) - Салават;<;11:30:00.0000000;8;14:33:38.0600000;14:30:00.0000000;161,056;54,4;55,53655
Персп 2М 551 Уфа (Мега) - Салават;<;13:00:00.0000000;8;16:03:38.0600000;16:00:00.0000000;161,056;54,4;55,53655
Персп 2М 551 Уфа (Мега) - Салават;<;14:30:00.0000000;8;17:33:38.0600000;17:30:00.0000000;161,056;54,4;55,53655
Персп 2М 551 Уфа (Мега) - Салават;<;16:00:00.0000000;8;19:03:38.0600000;19:00:00.0000000;161,056;54,4;55,53655
Персп 2М 551 Уфа (Мега) - Салават;<;17:30:00.0000000;8;20:33:38.0600000;20:30:00.0000000;161,056;54,4;55,53655
Персп 2М 551 Уфа (Мега) - Салават;>;07:00:00.0000000;8;10:03:43.0233333;10:00:00.0000000;161,131;54,4;55,56241
Персп 2М 551 Уфа (Мега) - Салават;>;08:30:00.0000000;8;11:33:43.0233333;11:30:00.0000000;161,131;54,4;55,56241
Персп 2М 551 Уфа (Мега) - Салават;>;10:00:00.0000000;8;13:03:43.0233333;13:00:00.0000000;161,131;54,4;55,56241
Персп 2М 551 Уфа (Мега) - Салават;>;11:30:00.0000000;8;14:33:43.0233333;14:30:00.0000000;161,131;54,4;55,56241
Персп 2М 551 Уфа (Мега) - Салават;>;13:00:00.0000000;8;16:03:43.0233333;16:00:00.0000000;161,131;54,4;55,56241
Персп 2М 551 Уфа (Мега) - Салават;>;14:30:00.0000000;8;17:33:43.0233333;17:30:00.0000000;161,131;54,4;55,56241
Персп 2М 551 Уфа (Мега) - Салават;>;16:00:00.0000000;8;19:03:43.0233333;19:00:00.0000000;161,131;54,4;55,56241
Персп 2М 552 С Уфа (Мега) - сан. Красноусольск;<;12:25:00.0000000;5;15:02:30.8200000;15:00:00.0000000;141,638;55;55,90974
Персп 2М 582 Уфа (Мега) - Архангельское ч/з Булгаково;<;11:50:00.0000000;5;13:33:42.9633333;13:30:00.0000000;89,302;53,2;55,23838
Персп 2М 582 Уфа (Мега) - Архангельское ч/з Булгаково;>;10:10:00.0000000;5;11:53:42.9633333;11:50:00.0000000;89,302;53,2;55,23838
Персп 2М 590 Уфа (Мега) - Туймазы;<;05:30:00.0000000;14;08:31:41.4533333;08:30:00.0000000;167,146;59,1;59,695
Персп 2М 590 Уфа (Мега) - Туймазы;<;06:15:00.0000000;14;09:16:41.4533333;09:15:00.0000000;167,146;59,1;59,695
Персп 2М 590 Уфа (Мега) - Туймазы;<;07:00:00.0000000;14;10:01:41.4533333;10:00:00.0000000;167,146;59,1;59,695
Персп 2М 590 Уфа (Мега) - Туймазы;<;07:45:00.0000000;14;10:46:41.4533333;10:45:00.0000000;167,146;59,1;59,695
Персп 2М 590 Уфа (Мега) - Туймазы;<;08:30:00.0000000;14;11:31:41.4533333;11:30:00.0000000;167,146;59,1;59,695
Персп 2М 590 Уфа (Мега) - Туймазы;<;09:15:00.0000000;14;12:16:41.4533333;12:15:00.0000000;167,146;59,1;59,695
Персп 2М 590 Уфа (Мега) - Туймазы;<;10:00:00.0000000;14;13:01:41.4533333;13:00:00.0000000;167,146;59,1;59,695
Персп 2М 590 Уфа (Мега) - Туймазы;<;10:45:00.0000000;14;13:46:41.4533333;13:45:00.0000000;167,146;59,1;59,695
Персп 2М 590 Уфа (Мега) - Туймазы;<;11:30:00.0000000;14;14:31:41.4533333;14:30:00.0000000;167,146;59,1;59,695
Персп 2М 590 Уфа (Мега) - Туймазы;<;12:15:00.0000000;14;15:16:41.4533333;15:15:00.0000000;167,146;59,1;59,695
Персп 2М 590 Уфа (Мега) - Туймазы;<;13:00:00.0000000;14;16:01:41.4533333;16:00:00.0000000;167,146;59,1;59,695
Персп 2М 590 Уфа (Мега) - Туймазы;<;13:45:00.0000000;14;16:46:41.4533333;16:45:00.0000000;167,146;59,1;59,695
Персп 2М 590 Уфа (Мега) - Туймазы;<;14:30:00.0000000;14;17:31:41.4533333;17:30:00.0000000;167,146;59,1;59,695
Персп 2М 590 Уфа (Мега) - Туймазы;<;15:15:00.0000000;14;18:16:41.4533333;18:15:00.0000000;167,146;59,1;59,695
Персп 2М 590 Уфа (Мега) - Туймазы;<;16:00:00.0000000;14;19:01:41.4533333;19:00:00.0000000;167,146;59,1;59,695
Персп 2М 590 Уфа (Мега) - Туймазы;>;05:30:00.0000000;14;08:31:41.4533333;08:30:00.0000000;167,146;59,1;59,695
Персп 2М 590 Уфа (Мега) - Туймазы;>;06:15:00.0000000;14;09:16:41.4533333;09:15:00.0000000;167,146;59,1;59,695
Персп 2М 590 Уфа (Мега) - Туймазы;>;07:00:00.0000000;14;10:01:41.4533333;10:00:00.0000000;167,146;59,1;59,695
Персп 2М 590 Уфа (Мега) - Туймазы;>;07:45:00.0000000;14;10:46:41.4533333;10:45:00.0000000;167,146;59,1;59,695
Персп 2М 590 Уфа (Мега) - Туймазы;>;08:30:00.0000000;14;11:31:41.4533333;11:30:00.0000000;167,146;59,1;59,695
Персп 2М 590 Уфа (Мега) - Туймазы;>;09:15:00.0000000;14;12:16:41.4533333;12:15:00.0000000;167,146;59,1;59,695
Персп 2М 590 Уфа (Мега) - Туймазы;>;10:00:00.0000000;14;13:01:41.4533333;13:00:00.0000000;167,146;59,1;59,695
Персп 2М 590 Уфа (Мега) - Туймазы;>;10:45:00.0000000;14;13:46:41.4533333;13:45:00.0000000;167,146;59,1;59,695
Персп 2М 590 Уфа (Мега) - Туймазы;>;11:30:00.0000000;14;14:31:41.4533333;14:30:00.0000000;167,146;59,1;59,695
Персп 2М 590 Уфа (Мега) - Туймазы;>;12:15:00.0000000;14;15:16:41.4533333;15:15:00.0000000;167,146;59,1;59,695
Персп 2М 590 Уфа (Мега) - Туймазы;>;13:00:00.0000000;14;16:01:41.4533333;16:00:00.0000000;167,146;59,1;59,695
Персп 2М 590 Уфа (Мега) - Туймазы;>;13:45:00.0000000;14;16:46:41.4533333;16:45:00.0000000;167,146;59,1;59,695
Персп 2М 590 Уфа (Мега) - Туймазы;>;14:30:00.0000000;14;17:31:41.4533333;17:30:00.0000000;167,146;59,1;59,695
Персп 2М 590 Уфа (Мега) - Туймазы;>;15:15:00.0000000;14;18:16:41.4533333;18:15:00.0000000;167,146;59,1;59,695
Персп 2М 590 Уфа (Мега) - Туймазы;>;16:00:00.0000000;14;19:01:41.4533333;19:00:00.0000000;167,146;59,1;59,695
Персп 2М Белорецк - Кага - Стерлитамак;<;11:00:00.0000000;12;15:01:13.8200000;15:00:00.0000000;231,231;60;60,32114
Персп 2М Уфа (Мега) - Давлеканово;<;07:00:00.0000000;5;09:01:52.1800000;09:00:00.0000000;101,634;51,3;52,12
Персп 2М Уфа (Мега) - Давлеканово;<;08:00:00.0000000;5;10:01:52.1800000;10:00:00.0000000;101,634;51,3;52,12
Персп 2М Уфа (Мега) - Давлеканово;<;09:00:00.0000000;5;11:01:52.1800000;11:00:00.0000000;101,634;51,3;52,12
Персп 2М Уфа (Мега) - Давлеканово;<;10:00:00.0000000;5;12:01:52.1800000;12:00:00.0000000;101,634;51,3;52,12
Персп 2М Уфа (Мега) - Давлеканово;<;11:00:00.0000000;5;13:01:52.1800000;13:00:00.0000000;101,634;51,3;52,12
Персп 2М Уфа (Мега) - Давлеканово;<;12:00:00.0000000;5;14:01:52.1800000;14:00:00.0000000;101,634;51,3;52,12
Персп 2М Уфа (Мега) - Давлеканово;<;13:00:00.0000000;5;15:01:52.1800000;15:00:00.0000000;101,634;51,3;52,12
Персп 2М Уфа (Мега) - Давлеканово;<;14:00:00.0000000;5;16:01:52.1800000;16:00:00.0000000;101,634;51,3;52,12
Персп 2М Уфа (Мега) - Давлеканово;<;15:00:00.0000000;5;17:01:52.1800000;17:00:00.0000000;101,634;51,3;52,12
Персп 2М Уфа (Мега) - Давлеканово;<;16:00:00.0000000;5;18:01:52.1800000;18:00:00.0000000;101,634;51,3;52,12
Персп 2М Уфа (Мега) - Давлеканово;<;17:00:00.0000000;5;19:01:52.1800000;19:00:00.0000000;101,634;51,3;52,12
Персп 2М Уфа (Мега) - Давлеканово;>;09:00:00.0000000;5;11:01:52.1800000;11:00:00.0000000;101,634;51,3;52,12
Персп 2М Уфа (Мега) - Давлеканово;>;10:00:00.0000000;5;12:01:52.1800000;12:00:00.0000000;101,634;51,3;52,12
Персп 2М Уфа (Мега) - Давлеканово;>;11:00:00.0000000;5;13:01:52.1800000;13:00:00.0000000;101,634;51,3;52,12
Персп 2М Уфа (Мега) - Давлеканово;>;12:00:00.0000000;5;14:01:52.1800000;14:00:00.0000000;101,634;51,3;52,12
Персп 2М Уфа (Мега) - Давлеканово;>;13:00:00.0000000;5;15:01:52.1800000;15:00:00.0000000;101,634;51,3;52,12
Персп 2М Уфа (Мега) - Давлеканово;>;14:00:00.0000000;5;16:01:52.1800000;16:00:00.0000000;101,634;51,3;52,12
Персп 2М Уфа (Мега) - Давлеканово;>;15:00:00.0000000;5;17:01:52.1800000;17:00:00.0000000;101,634;51,3;52,12
Персп 2М Уфа (Мега) - Приютово;<;06:00:00.0000000;8;10:00:11.0500000;10:00:00.0000000;220,134;56,4;56,44461
Персп 2М Уфа (Мега) - Приютово;<;12:00:00.0000000;8;16:00:11.0500000;16:00:00.0000000;220,134;56,4;56,44461
Персп 2М Уфа (Мега) - Приютово;<;15:00:00.0000000;8;19:00:11.0500000;19:00:00.0000000;220,134;56,4;56,44461
Персп 2П 108 Д Уфа (Южный АВ) - Дмитриевка;<;06:00:00.0000000;14;06:31:54.7400000;06:30:00.0000000;16,063;48,4;53,54333
Персп 2П 108 Д Уфа (Южный АВ) - Дмитриевка;<;06:30:00.0000000;14;07:01:54.7400000;07:00:00.0000000;16,063;48,4;53,54333
Персп 2П 108 Д Уфа (Южный АВ) - Дмитриевка;<;10:00:00.0000000;14;10:31:54.7400000;10:30:00.0000000;16,063;48,4;53,54333
Персп 2П 108 Д Уфа (Южный АВ) - Дмитриевка;<;10:30:00.0000000;14;11:01:54.7400000;11:00:00.0000000;16,063;48,4;53,54333
Персп 2П 108 Д Уфа (Южный АВ) - Дмитриевка;<;11:00:00.0000000;14;11:31:54.7400000;11:30:00.0000000;16,063;48,4;53,54333
Персп 2П 108 Д Уфа (Южный АВ) - Дмитриевка;<;11:30:00.0000000;14;12:01:54.7400000;12:00:00.0000000;16,063;48,4;53,54333
Персп 2П 108 Д Уфа (Южный АВ) - Дмитриевка;<;12:00:00.0000000;14;12:31:54.7400000;12:30:00.0000000;16,063;48,4;53,54333
Персп 2П 108 Д Уфа (Южный АВ) - Дмитриевка;<;12:30:00.0000000;14;13:01:54.7400000;13:00:00.0000000;16,063;48,4;53,54333
Персп 2П 108 Д Уфа (Южный АВ) - Дмитриевка;<;13:00:00.0000000;14;13:31:54.7400000;13:30:00.0000000;16,063;48,4;53,54333
Персп 2П 108 Д Уфа (Южный АВ) - Дмитриевка;<;13:30:00.0000000;14;14:01:54.7400000;14:00:00.0000000;16,063;48,4;53,54333
Персп 2П 108 Д Уфа (Южный АВ) - Дмитриевка;<;14:00:00.0000000;14;14:31:54.7400000;14:30:00.0000000;16,063;48,4;53,54333
Персп 2П 108 Д Уфа (Южный АВ) - Дмитриевка;<;14:30:00.0000000;14;15:01:54.7400000;15:00:00.0000000;16,063;48,4;53,54333
Персп 2П 108 Д Уфа (Южный АВ) - Дмитриевка;<;15:00:00.0000000;14;15:31:54.7400000;15:30:00.0000000;16,063;48,4;53,54333
Персп 2П 108 Д Уфа (Южный АВ) - Дмитриевка;<;15:30:00.0000000;14;16:01:54.7400000;16:00:00.0000000;16,063;48,4;53,54333
Персп 2П 108 Д Уфа (Южный АВ) - Дмитриевка;<;16:00:00.0000000;14;16:31:54.7400000;16:30:00.0000000;16,063;48,4;53,54333
Персп 2П 108 Д Уфа (Южный АВ) - Дмитриевка;<;19:30:00.0000000;14;20:01:54.7400000;20:00:00.0000000;16,063;48,4;53,54333
Персп 2П 108 Д Уфа (Южный АВ) - Дмитриевка;<;20:00:00.0000000;14;20:31:54.7400000;20:30:00.0000000;16,063;48,4;53,54333
Персп 2П 108 Д Уфа (Южный АВ) - Дмитриевка;<;20:30:00.0000000;14;21:01:54.7400000;21:00:00.0000000;16,063;48,4;53,54333
Персп 2П 108 Д Уфа (Южный АВ) - Дмитриевка;>;06:00:00.0000000;15;06:32:53.0666667;06:30:00.0000000;16,041;48,4;56,61536
Персп 2П 108 Д Уфа (Южный АВ) - Дмитриевка;>;06:30:00.0000000;15;07:02:53.0666667;07:00:00.0000000;16,041;48,4;56,61536
Персп 2П 108 Д Уфа (Южный АВ) - Дмитриевка;>;10:00:00.0000000;15;10:32:53.0666667;10:30:00.0000000;16,041;48,4;56,61536
Персп 2П 108 Д Уфа (Южный АВ) - Дмитриевка;>;10:30:00.0000000;15;11:02:53.0666667;11:00:00.0000000;16,041;48,4;56,61536
Персп 2П 108 Д Уфа (Южный АВ) - Дмитриевка;>;11:00:00.0000000;15;11:32:53.0666667;11:30:00.0000000;16,041;48,4;56,61536
Персп 2П 108 Д Уфа (Южный АВ) - Дмитриевка;>;11:30:00.0000000;15;12:02:53.0666667;12:00:00.0000000;16,041;48,4;56,61536
Персп 2П 108 Д Уфа (Южный АВ) - Дмитриевка;>;12:00:00.0000000;15;12:32:53.0666667;12:30:00.0000000;16,041;48,4;56,61536
Персп 2П 108 Д Уфа (Южный АВ) - Дмитриевка;>;12:30:00.0000000;15;13:02:53.0666667;13:00:00.0000000;16,041;48,4;56,61536
Персп 2П 108 Д Уфа (Южный АВ) - Дмитриевка;>;13:00:00.0000000;15;13:32:53.0666667;13:30:00.0000000;16,041;48,4;56,61536
Персп 2П 108 Д Уфа (Южный АВ) - Дмитриевка;>;13:30:00.0000000;15;14:02:53.0666667;14:00:00.0000000;16,041;48,4;56,61536
Персп 2П 108 Д Уфа (Южный АВ) - Дмитриевка;>;14:00:00.0000000;15;14:32:53.0666667;14:30:00.0000000;16,041;48,4;56,61536
Персп 2П 108 Д Уфа (Южный АВ) - Дмитриевка;>;14:30:00.0000000;15;15:02:53.0666667;15:00:00.0000000;16,041;48,4;56,61536
Персп 2П 108 Д Уфа (Южный АВ) - Дмитриевка;>;15:00:00.0000000;15;15:32:53.0666667;15:30:00.0000000;16,041;48,4;56,61536
Персп 2П 108 Д Уфа (Южный АВ) - Дмитриевка;>;15:30:00.0000000;15;16:02:53.0666667;16:00:00.0000000;16,041;48,4;56,61536
Персп 2П 108 Д Уфа (Южный АВ) - Дмитриевка;>;16:00:00.0000000;15;16:32:53.0666667;16:30:00.0000000;16,041;48,4;56,61536
Персп 2П 108 Д Уфа (Южный АВ) - Дмитриевка;>;19:30:00.0000000;15;20:02:53.0666667;20:00:00.0000000;16,041;48,4;56,61536
Персп 2П 108 Д Уфа (Южный АВ) - Дмитриевка;>;20:00:00.0000000;15;20:32:53.0666667;20:30:00.0000000;16,041;48,4;56,61536
Персп 2П 108 Д Уфа (Южный АВ) - Дмитриевка;>;20:30:00.0000000;15;21:02:53.0666667;21:00:00.0000000;16,041;48,4;56,61536
Персп 2П 111 Стерлитамак (Кол.рынок) - с/х Рощинский;>;10:00:00.0000000;8;10:30:56.2633333;10:30:00.0000000;17,87273;43;44,68182
Персп 2П 111 Стерлитамак (Кол.рынок) - с/х Рощинский;>;12:05:00.0000000;8;12:35:56.2633333;12:35:00.0000000;17,87273;43;44,68182
Персп 2П 111 Стерлитамак (Кол.рынок) - с/х Рощинский;>;14:00:00.0000000;8;14:30:56.2633333;14:30:00.0000000;17,87273;43;44,68182
Персп 2П 120к Уфа (Мега) - Деревня Новомусино;>;14:00:00.0000000;18;15:04:28.0833333;15:00:00.0000000;38,613;47,8;52,65411
Персп 2П 124 Уфа (Мега) - Шипово;<;07:00:00.0000000;11;08:02:37.8966667;08:00:00.0000000;38,436;43;45,21882
Персп 2П 124 Уфа (Мега) - Шипово;<;07:20:00.0000000;11;08:22:37.8966667;08:20:00.0000000;38,436;43;45,21882
Персп 2П 124 Уфа (Мега) - Шипово;<;07:40:00.0000000;11;08:42:37.8966667;08:40:00.0000000;38,436;43;45,21882
Персп 2П 124 Уфа (Мега) - Шипово;<;08:00:00.0000000;11;09:02:37.8966667;09:00:00.0000000;38,436;43;45,21882
Персп 2П 124 Уфа (Мега) - Шипово;<;08:20:00.0000000;11;09:22:37.8966667;09:20:00.0000000;38,436;43;45,21882
Персп 2П 124 Уфа (Мега) - Шипово;<;08:40:00.0000000;11;09:42:37.8966667;09:40:00.0000000;38,436;43;45,21882
Персп 2П 124 Уфа (Мега) - Шипово;<;09:00:00.0000000;11;10:02:37.8966667;10:00:00.0000000;38,436;43;45,21882
Персп 2П 124 Уфа (Мега) - Шипово;<;10:00:00.0000000;11;11:02:37.8966667;11:00:00.0000000;38,436;43;45,21882
Персп 2П 124 Уфа (Мега) - Шипово;<;11:00:00.0000000;11;12:02:37.8966667;12:00:00.0000000;38,436;43;45,21882
Персп 2П 124 Уфа (Мега) - Шипово;<;11:30:00.0000000;11;12:32:37.8966667;12:30:00.0000000;38,436;43;45,21882
Персп 2П 124 Уфа (Мега) - Шипово;<;12:00:00.0000000;11;13:02:37.8966667;13:00:00.0000000;38,436;43;45,21882
Персп 2П 124 Уфа (Мега) - Шипово;<;12:30:00.0000000;11;13:32:37.8966667;13:30:00.0000000;38,436;43;45,21882
Персп 2П 124 Уфа (Мега) - Шипово;<;13:00:00.0000000;11;14:02:37.8966667;14:00:00.0000000;38,436;43;45,21882
Персп 2П 124 Уфа (Мега) - Шипово;<;13:30:00.0000000;11;14:32:37.8966667;14:30:00.0000000;38,436;43;45,21882
Персп 2П 124 Уфа (Мега) - Шипово;<;14:00:00.0000000;11;15:02:37.8966667;15:00:00.0000000;38,436;43;45,21882
Персп 2П 124 Уфа (Мега) - Шипово;<;14:30:00.0000000;11;15:32:37.8966667;15:30:00.0000000;38,436;43;45,21882
Персп 2П 124 Уфа (Мега) - Шипово;<;15:00:00.0000000;11;16:02:37.8966667;16:00:00.0000000;38,436;43;45,21882
Персп 2П 124 Уфа (Мега) - Шипово;<;15:30:00.0000000;11;16:32:37.8966667;16:30:00.0000000;38,436;43;45,21882
Персп 2П 124 Уфа (Мега) - Шипово;<;16:30:00.0000000;11;17:32:37.8966667;17:30:00.0000000;38,436;43;45,21882
Персп 2П 124 Уфа (Мега) - Шипово;<;16:50:00.0000000;11;17:52:37.8966667;17:50:00.0000000;38,436;43;45,21882
Персп 2П 124 Уфа (Мега) - Шипово;<;17:10:00.0000000;11;18:12:37.8966667;18:10:00.0000000;38,436;43;45,21882
Персп 2П 124 Уфа (Мега) - Шипово;<;17:30:00.0000000;11;18:32:37.8966667;18:30:00.0000000;38,436;43;45,21882
Персп 2П 124 Уфа (Мега) - Шипово;<;17:50:00.0000000;11;18:52:37.8966667;18:50:00.0000000;38,436;43;45,21882
Персп 2П 124 Уфа (Мега) - Шипово;<;18:10:00.0000000;11;19:12:37.8966667;19:10:00.0000000;38,436;43;45,21882
Персп 2П 124 Уфа (Мега) - Шипово;<;18:30:00.0000000;11;19:32:37.8966667;19:30:00.0000000;38,436;43;45,21882
Персп 2П 124 Уфа (Мега) - Шипово;<;19:30:00.0000000;11;20:32:37.8966667;20:30:00.0000000;38,436;43;45,21882
Персп 2П 131к Уфа (Южный АВ) - Шамонино;<;08:00:00.0000000;7;08:40:16.8966667;08:40:00.0000000;25,403;43,2;43,54802
Персп 2П 131к Уфа (Южный АВ) - Шамонино;<;08:20:00.0000000;7;09:00:16.8966667;09:00:00.0000000;25,403;43,2;43,54802
Персп 2П 131к Уфа (Южный АВ) - Шамонино;<;08:40:00.0000000;7;09:20:16.8966667;09:20:00.0000000;25,403;43,2;43,54802
Персп 2П 131к Уфа (Южный АВ) - Шамонино;<;09:00:00.0000000;7;09:40:16.8966667;09:40:00.0000000;25,403;43,2;43,54802
Персп 2П 131к Уфа (Южный АВ) - Шамонино;<;09:20:00.0000000;7;10:00:16.8966667;10:00:00.0000000;25,403;43,2;43,54802
Персп 2П 131к Уфа (Южный АВ) - Шамонино;<;16:30:00.0000000;7;17:10:16.8966667;17:10:00.0000000;25,403;43,2;43,54802
Персп 2П 131к Уфа (Южный АВ) - Шамонино;<;16:50:00.0000000;7;17:30:16.8966667;17:30:00.0000000;25,403;43,2;43,54802
Персп 2П 131к Уфа (Южный АВ) - Шамонино;<;17:10:00.0000000;7;17:50:16.8966667;17:50:00.0000000;25,403;43,2;43,54802
Персп 2П 131к Уфа (Южный АВ) - Шамонино;<;17:30:00.0000000;7;18:10:16.8966667;18:10:00.0000000;25,403;43,2;43,54802
Персп 2П 131к Уфа (Южный АВ) - Шамонино;<;17:50:00.0000000;7;18:30:16.8966667;18:30:00.0000000;25,403;43,2;43,54802
Персп 2П 131к Уфа (Южный АВ) - Шамонино;<;18:10:00.0000000;7;18:50:16.8966667;18:50:00.0000000;25,403;43,2;43,54802
Персп 2П 131к Уфа (Южный АВ) - Шамонино;>;07:20:00.0000000;7;08:03:08.2300000;08:00:00.0000000;27,459;43,2;47,0726
Персп 2П 131к Уфа (Южный АВ) - Шамонино;>;07:40:00.0000000;7;08:23:08.2300000;08:20:00.0000000;27,459;43,2;47,0726
Персп 2П 131к Уфа (Южный АВ) - Шамонино;>;08:00:00.0000000;7;08:43:08.2300000;08:40:00.0000000;27,459;43,2;47,0726
Персп 2П 131к Уфа (Южный АВ) - Шамонино;>;08:20:00.0000000;7;09:03:08.2300000;09:00:00.0000000;27,459;43,2;47,0726
Персп 2П 131к Уфа (Южный АВ) - Шамонино;>;08:40:00.0000000;7;09:23:08.2300000;09:20:00.0000000;27,459;43,2;47,0726
Персп 2П 131к Уфа (Южный АВ) - Шамонино;>;09:00:00.0000000;7;09:43:08.2300000;09:40:00.0000000;27,459;43,2;47,0726
Персп 2П 131к Уфа (Южный АВ) - Шамонино;>;09:20:00.0000000;7;10:03:08.2300000;10:00:00.0000000;27,459;43,2;47,0726
Персп 2П 131к Уфа (Южный АВ) - Шамонино;>;16:30:00.0000000;7;17:13:08.2300000;17:10:00.0000000;27,459;43,2;47,0726
Персп 2П 131к Уфа (Южный АВ) - Шамонино;>;16:50:00.0000000;7;17:33:08.2300000;17:30:00.0000000;27,459;43,2;47,0726
Персп 2П 131к Уфа (Южный АВ) - Шамонино;>;17:10:00.0000000;7;17:53:08.2300000;17:50:00.0000000;27,459;43,2;47,0726
Персп 2П 131к Уфа (Южный АВ) - Шамонино;>;17:30:00.0000000;7;18:13:08.2300000;18:10:00.0000000;27,459;43,2;47,0726
Персп 2П 131к Уфа (Южный АВ) - Шамонино;>;17:50:00.0000000;7;18:33:08.2300000;18:30:00.0000000;27,459;43,2;47,0726
Персп 2П 131к Уфа (Южный АВ) - Шамонино;>;18:10:00.0000000;7;18:53:08.2300000;18:50:00.0000000;27,459;43,2;47,0726
Персп 2П 131к Уфа (Южный АВ) - Шамонино;>;18:30:00.0000000;7;19:13:08.2300000;19:10:00.0000000;27,459;43,2;47,0726
Персп 2П 131к Уфа (Южный АВ) - Шамонино;>;18:50:00.0000000;7;19:33:08.2300000;19:30:00.0000000;27,459;43,2;47,0726
Персп 2П 151 Уфа (Мега) - Чишмы;>;08:00:00.0000000;14;09:18:22.5600000;09:15:00.0000000;49,008;44,3;46,67429
Персп 2П 151 Уфа (Мега) - Чишмы;>;08:15:00.0000000;14;09:33:22.5600000;09:30:00.0000000;49,008;44,3;46,67429
Персп 2П 151 Уфа (Мега) - Чишмы;>;08:30:00.0000000;14;09:48:22.5600000;09:45:00.0000000;49,008;44,3;46,67429
Персп 2П 151 Уфа (Мега) - Чишмы;>;08:45:00.0000000;14;10:03:22.5600000;10:00:00.0000000;49,008;44,3;46,67429
Персп 2П 151 Уфа (Мега) - Чишмы;>;09:15:00.0000000;14;10:33:22.5600000;10:30:00.0000000;49,008;44,3;46,67429
Персп 2П 151 Уфа (Мега) - Чишмы;>;09:45:00.0000000;14;11:03:22.5600000;11:00:00.0000000;49,008;44,3;46,67429
Персп 2П 151 Уфа (Мега) - Чишмы;>;15:30:00.0000000;14;16:48:22.5600000;16:45:00.0000000;49,008;44,3;46,67429
Персп 2П 151 Уфа (Мега) - Чишмы;>;16:00:00.0000000;14;17:18:22.5600000;17:15:00.0000000;49,008;44,3;46,67429
Персп 2П 151 Уфа (Мега) - Чишмы;>;16:30:00.0000000;14;17:48:22.5600000;17:45:00.0000000;49,008;44,3;46,67429
Персп 2П 151 Уфа (Мега) - Чишмы;>;16:45:00.0000000;14;18:03:22.5600000;18:00:00.0000000;49,008;44,3;46,67429
Персп 2П 163к Уфа (Мега) - Акбердино;<;07:00:00.0000000;20;07:50:27.7300000;07:50:00.0000000;29,757;55;55,79441
Персп 2П 163к Уфа (Мега) - Акбердино;<;07:15:00.0000000;20;08:05:27.7300000;08:05:00.0000000;29,757;55;55,79441
Персп 2П 163к Уфа (Мега) - Акбердино;<;07:30:00.0000000;20;08:20:27.7300000;08:20:00.0000000;29,757;55;55,79441
Персп 2П 163к Уфа (Мега) - Акбердино;<;07:45:00.0000000;20;08:35:27.7300000;08:35:00.0000000;29,757;55;55,79441
Персп 2П 163к Уфа (Мега) - Акбердино;<;08:00:00.0000000;20;08:50:27.7300000;08:50:00.0000000;29,757;55;55,79441
Персп 2П 164 Т Уфа (Мега) - Таптыково;<;07:30:00.0000000;6;08:04:47.0300000;08:00:00.0000000;23,14;45,1;53,40004
Персп 2П 164 Т Уфа (Мега) - Таптыково;<;08:10:00.0000000;6;08:44:47.0300000;08:40:00.0000000;23,14;45,1;53,40004
Персп 2П 164 Т Уфа (Мега) - Таптыково;<;08:50:00.0000000;6;09:24:47.0300000;09:20:00.0000000;23,14;45,1;53,40004
Персп 2П 164 Т Уфа (Мега) - Таптыково;<;09:30:00.0000000;6;10:04:47.0300000;10:00:00.0000000;23,14;45,1;53,40004
Персп 2П 164 Т Уфа (Мега) - Таптыково;<;16:10:00.0000000;6;16:44:47.0300000;16:40:00.0000000;23,14;45,1;53,40004
Персп 2П 164 Т Уфа (Мега) - Таптыково;<;16:50:00.0000000;6;17:24:47.0300000;17:20:00.0000000;23,14;45,1;53,40004
Персп 2П 164 Т Уфа (Мега) - Таптыково;<;17:30:00.0000000;6;18:04:47.0300000;18:00:00.0000000;23,14;45,1;53,40004
Персп 2П 164 Т Уфа (Мега) - Таптыково;<;18:10:00.0000000;6;18:44:47.0300000;18:40:00.0000000;23,14;45,1;53,40004
Персп 2П 164 Т Уфа (Мега) - Таптыково;<;18:50:00.0000000;6;19:24:47.0300000;19:20:00.0000000;23,14;45,1;53,40004
Персп 2П 311 Уфа (Южный АВ) - с. Султанаево;<;06:00:00.0000000;27;07:31:33.4833333;07:30:00.0000000;57,351;51,7;52,9394
Персп 2П 311 Уфа (Южный АВ) - с. Султанаево;<;07:00:00.0000000;27;08:31:33.4833333;08:30:00.0000000;57,351;51,7;52,9394
Персп 2П 311 Уфа (Южный АВ) - с. Султанаево;<;08:00:00.0000000;27;09:31:33.4833333;09:30:00.0000000;57,351;51,7;52,9394
Персп 2П 311 Уфа (Южный АВ) - с. Султанаево;<;09:00:00.0000000;27;10:31:33.4833333;10:30:00.0000000;57,351;51,7;52,9394
Персп 2П 311 Уфа (Южный АВ) - с. Султанаево;<;10:00:00.0000000;27;11:31:33.4833333;11:30:00.0000000;57,351;51,7;52,9394
Персп 2П 311 Уфа (Южный АВ) - с. Султанаево;<;11:00:00.0000000;27;12:31:33.4833333;12:30:00.0000000;57,351;51,7;52,9394
Персп 2П 311 Уфа (Южный АВ) - с. Султанаево;<;12:00:00.0000000;27;13:31:33.4833333;13:30:00.0000000;57,351;51,7;52,9394
Персп 2П 311 Уфа (Южный АВ) - с. Султанаево;<;13:00:00.0000000;27;14:31:33.4833333;14:30:00.0000000;57,351;51,7;52,9394
Персп 2П 311 Уфа (Южный АВ) - с. Султанаево;<;14:00:00.0000000;27;15:31:33.4833333;15:30:00.0000000;57,351;51,7;52,9394
Персп 2П 311 Уфа (Южный АВ) - с. Султанаево;<;15:00:00.0000000;27;16:31:33.4833333;16:30:00.0000000;57,351;51,7;52,9394
Персп 2П 311 Уфа (Южный АВ) - с. Султанаево;<;16:00:00.0000000;27;17:31:33.4833333;17:30:00.0000000;57,351;51,7;52,9394
Персп 2П 311 Уфа (Южный АВ) - с. Султанаево;<;17:00:00.0000000;27;18:31:33.4833333;18:30:00.0000000;57,351;51,7;52,9394
Персп 2П 311 Уфа (Южный АВ) - с. Султанаево;<;18:00:00.0000000;27;19:31:33.4833333;19:30:00.0000000;57,351;51,7;52,9394
Персп 2П 311 Уфа (Южный АВ) - с. Султанаево;<;19:00:00.0000000;27;20:31:33.4833333;20:30:00.0000000;57,351;51,7;52,9394
Персп 2П Уфа (Мега) - Село Сихонкино;<;07:00:00.0000000;11;08:01:37.7033333;08:00:00.0000000;37,717;43;44,37294
Персп 2П Уфа (Мега) - Село Сихонкино;<;08:00:00.0000000;11;09:01:37.7033333;09:00:00.0000000;37,717;43;44,37294
Персп 2П Уфа (Мега) - Село Сихонкино;<;09:00:00.0000000;11;10:01:37.7033333;10:00:00.0000000;37,717;43;44,37294
Персп 2П Уфа (Мега) - Село Сихонкино;<;16:00:00.0000000;11;17:01:37.7033333;17:00:00.0000000;37,717;43;44,37294
Персп 2П Уфа (Мега) - Село Сихонкино;<;17:00:00.0000000;11;18:01:37.7033333;18:00:00.0000000;37,717;43;44,37294
Персп 2П Уфа (Мега) - Село Сихонкино;<;18:00:00.0000000;11;19:01:37.7033333;19:00:00.0000000;37,717;43;44,37294
Персп Дюртюли - Бураево;>;07:50:00.0000000;12;09:30:57.2833333;09:30:00.0000000;70,642;46,6;47,09467
Персп Дюртюли - Бураево;>;16:00:00.0000000;12;17:40:57.2833333;17:40:00.0000000;70,642;46,6;47,09467
ПН Стерлитамак - Кунакбаево;>;10:00:00.0000000;14;10:41:22.9700000;10:40:00.0000000;21,156;43,2;45,33435
ПН Стерлитамак - Кунакбаево;>;12:00:00.0000000;14;12:41:22.9700000;12:40:00.0000000;21,156;43,2;45,33435
ПН Стерлитамак - Талалаевка;<;18:00:00.0000000;21;19:00:35.2400000;19:00:00.0000000;30,082;43,4;44,02246
